<?xml version="1.0" encoding="UTF-8"?>
<project-private xmlns="http://www.netbeans.org/ns/project-private/1">
    <editor-bookmarks xmlns="http://www.netbeans.org/ns/editor-bookmarks/2" lastBookmarkId="0"/>
    <open-files xmlns="http://www.netbeans.org/ns/projectui-open-files/2">
        <group>
            <file>file:/C:/Users/keswe/OneDrive/Desktop/TAFE%20material/Diploma%20Software%20Development/Term%201/Friday/Java%20III/Assessment/Assessment%202/Portfolio%20Question%202/BalancedBinarySearchTree/src/balancedbinarysearchtree/Tree.java</file>
            <file>file:/C:/Users/keswe/OneDrive/Desktop/TAFE%20material/Diploma%20Software%20Development/Term%201/Friday/Java%20III/Assessment/Assessment%202/Portfolio%20Question%202/BalancedBinarySearchTree/src/balancedbinarysearchtree/BalancedBinarySearchTree.java</file>
        </group>
    </open-files>
</project-private>
